{"cameraMode":{"drawMode":0,"name":"Shaded","section":"Shading Mode"},"sceneLighting":false,"audioPlay":false,"sceneViewState":{"showFog":true,"showMaterialUpdate":false,"showSkybox":true,"showFlares":true,"showImageEffects":true,"showParticleSystems":true},"in2DMode":false,"pivot":{"x":1.5169949531555176,"y":1.137335181236267,"z":0.337310791015625},"rotation":{"x":0.06845559924840927,"y":0.5761457681655884,"z":-0.048510611057281497,"w":0.8130316734313965},"size":2.3672242164611818,"orthographic":false}